origin_date,model,horizon,mae,rmse,mape,smape
2025-11-26,naive,H+1,338500.0,338500.0,17.489020924825628,19.16489738145789
2025-11-26,naive,H+3,470833.3333333333,499934.0789877535,22.283262431178716,25.33859255201686
2025-11-26,naive,H+7,308500.0,357807.7596379694,16.645296840806,17.719455275670732
2025-11-26,seasonal_naive,H+1,88500.0,88500.0,4.572461896150865,4.679444811632518
2025-11-26,seasonal_naive,H+3,403666.6666666667,529076.3964999132,18.370478356348944,21.674297069476488
2025-11-26,seasonal_naive,H+7,326500.0,462050.82435346255,18.154305614347997,18.029495802865014
2025-11-26,moving_average_7,H+1,286357.14285714296,286357.14285714296,14.794995755987753,15.976885523562823
2025-11-26,moving_average_7,H+3,418690.47619047627,451167.12026494497,19.745771670590138,22.17598044159286
2025-11-26,moving_average_7,H+7,301051.02040816325,338266.9894069609,16.72233840379093,17.27687386443441
2025-11-26,lstm_global,H+1,417654.625,417654.625,21.578642469646088,24.188407451137145
2025-11-26,lstm_global,H+3,1161764.6041666667,1317894.9649653703,54.394612228305704,83.37211788467059
2025-11-26,lstm_global,H+7,1083405.541294643,1192640.9707029916,62.31787473524194,100.62013033871489
2025-11-26,lstm_finetuned,H+1,417654.625,417654.625,21.578642469646088,24.188407451137145
2025-11-26,lstm_finetuned,H+3,1161764.6041666667,1317894.9649653703,54.394612228305704,83.37211788467059
2025-11-26,lstm_finetuned,H+7,1083405.541294643,1192640.9707029916,62.31787473524194,100.62013033871489
2025-12-05,naive,H+1,227500.0,227500.0,14.35784159040707,13.396143088473428
2025-12-05,naive,H+3,519166.6666666667,560883.4549173295,43.74115476009784,34.501030912514146
2025-12-05,naive,H+7,745714.2857142857,834707.3909888593,96.2952378804825,56.21437014663788
2025-12-05,seasonal_naive,H+1,351000.0,351000.0,22.152098453770904,19.943181818181817
2025-12-05,seasonal_naive,H+3,775000.0,852379.3169710302,65.64313601123784,46.48649461988108
2025-12-05,seasonal_naive,H+7,711214.2857142857,819767.2796941476,88.37302236269845,53.45153199003183
2025-12-05,moving_average_7,H+1,169000.0,169000.0,10.665825181445252,10.12582384661474
2025-12-05,moving_average_7,H+3,460666.6666666667,507217.9018922735,39.100504896154284,31.328035733489816
2025-12-05,moving_average_7,H+7,687214.2857142857,782885.756124645,89.95789162440734,53.2739614606767
2025-12-05,lstm_global,H+1,106575.875,106575.875,6.726151782896812,6.9602295860962755
2025-12-05,lstm_global,H+3,386258.0520833333,452204.1044537428,33.39541999128994,44.91015927650327
2025-12-05,lstm_global,H+7,426580.78878348216,480342.0369224523,47.87511456543084,71.68724366279687
2025-12-05,lstm_finetuned,H+1,106575.875,106575.875,6.726151782896812,6.9602295860962755
2025-12-05,lstm_finetuned,H+3,386258.0520833333,452204.1044537428,33.39541999128994,44.91015927650327
2025-12-05,lstm_finetuned,H+7,426580.78878348216,480342.0369224523,47.87511456543084,71.68724366279687
2025-12-16,naive,H+1,30000.0,30000.0,5.617977528089887,5.46448087431694
2025-12-16,naive,H+3,93166.66666666667,131057.55733010337,25.22117456964354,19.796705184918817
2025-12-16,naive,H+7,477285.71428571426,617223.5066350414,90.19982949815873,63.991945029907114
2025-12-16,seasonal_naive,H+1,1050500.0,1050500.0,196.72284644194758,99.17394382818031
2025-12-16,seasonal_naive,H+3,804666.6666666666,837156.7953495928,178.54171123547962,90.13092398891374
2025-12-16,seasonal_naive,H+7,863571.4285714285,929087.109555857,266.1294354080901,92.9162372894786
2025-12-16,moving_average_7,H+1,532285.7142857143,532285.7142857143,99.67897271268058,66.52383502945904
2025-12-16,moving_average_7,H+3,578119.0476190477,587917.530023424,131.186097111094,75.7399635408218
2025-12-16,moving_average_7,H+7,541612.244897959,595328.0351098502,180.87191651614333,67.47939944370465
2025-12-16,lstm_global,H+1,807464.125,807464.125,151.21051029962547,86.10819201886893
2025-12-16,lstm_global,H+3,477991.9270833333,541548.3885982402,103.96878985719033,67.43393391329117
2025-12-16,lstm_global,H+7,906713.9436383928,1006856.1702168374,267.2517776497468,113.36551300587941
2025-12-16,lstm_finetuned,H+1,807464.125,807464.125,151.21051029962547,86.10819201886893
2025-12-16,lstm_finetuned,H+3,477991.9270833333,541548.3885982402,103.96878985719033,67.43393391329117
2025-12-16,lstm_finetuned,H+7,906713.9436383928,1006856.1702168374,267.2517776497468,113.36551300587941
2026-02-12,naive,H+1,146500.0,146500.0,9.213836477987421,8.808056515857508
2026-02-12,naive,H+3,421666.6666666667,532149.5717058002,42.494171744824726,30.44615077552698
2026-02-12,naive,H+7,1105642.857142857,1272305.1211987522,837.524715042141,112.83574780032963
2026-02-12,seasonal_naive,H+1,1056000.0,1056000.0,66.41509433962264,99.43502824858757
2026-02-12,seasonal_naive,H+3,826666.6666666666,857109.1917991935,62.44143023026756,90.90846855749675
2026-02-12,seasonal_naive,H+7,919285.7142857143,1033065.9638736947,472.6404808768126,115.1111599694046
2026-02-12,moving_average_7,H+1,748428.5714285715,748428.5714285715,47.07097933513028,61.55925033781799
2026-02-12,moving_average_7,H+3,473261.90476190485,573896.5232406929,30.942111328307153,39.8567831776945
2026-02-12,moving_average_7,H+7,616367.3469387756,663863.4679522836,380.88058526945696,103.39460553342457
2026-02-12,lstm_global,H+1,461928.625,461928.625,29.052114779874216,33.98944039870918
2026-02-12,lstm_global,H+3,565835.5729166666,697376.1990719673,39.31683471393,55.91519903231815
2026-02-12,lstm_global,H+7,560204.4430803572,733460.0691093794,349.42962610679416,96.94739533819788
2026-02-12,lstm_finetuned,H+1,461928.625,461928.625,29.052114779874216,33.98944039870918
2026-02-12,lstm_finetuned,H+3,565835.5729166666,697376.1990719673,39.31683471393,55.91519903231815
2026-02-12,lstm_finetuned,H+7,560204.4430803572,733460.0691093794,349.42962610679416,96.94739533819788
2026-02-25,naive,H+1,36500.0,36500.0,42.69005847953216,35.18072289156626
2026-02-25,naive,H+3,62000.0,65682.31624011646,138.2829558041782,72.08523979130254
2026-02-25,naive,H+7,47214.28571428572,53293.32576813509,89.29016245471716,51.96460294683557
2026-02-25,seasonal_naive,H+1,1504500.0,1504500.0,1759.6491228070174,179.58818263205015
2026-02-25,seasonal_naive,H+3,1254833.3333333333,1291193.8597024588,2204.94094002583,183.02768809679105
2026-02-25,seasonal_naive,H+7,555785.7142857143,845796.1802771568,972.2947855834034,97.71516617732854
2026-02-25,moving_average_7,H+1,545357.1428571428,545357.1428571428,637.844611528822,152.25845049356866
2026-02-25,moving_average_7,H+3,570857.1428571428,571268.8020692947,1132.15167778835,165.62244984367382
2026-02-25,moving_average_7,H+7,551357.1428571428,552293.9684181064,861.2108948205151,155.95320586390292
2026-02-25,lstm_global,H+1,704883.875,704883.875,824.4255847953216,160.9537280270173
2026-02-25,lstm_global,H+3,577044.53125,590710.2359945007,1129.7051248842138,165.04411556487906
2026-02-25,lstm_global,H+7,551054.6356026785,625157.3649436771,837.8888806677315,156.57955271704012
2026-02-25,lstm_finetuned,H+1,704883.875,704883.875,824.4255847953216,160.9537280270173
2026-02-25,lstm_finetuned,H+3,577044.53125,590710.2359945007,1129.7051248842138,165.04411556487906
2026-02-25,lstm_finetuned,H+7,551054.6356026785,625157.3649436771,837.8888806677315,156.57955271704012
2026-03-06,naive,H+1,3500.0,3500.0,4.216867469879518,4.129793510324483
2026-03-06,naive,H+3,22166.666666666668,36429.15499065732,90.76732461761942,39.55841601859301
2026-03-06,naive,H+7,179500.0,406754.7084633967,106.89316234402403,69.69826238027814
2026-03-06,seasonal_naive,H+1,2500.0,2500.0,3.0120481927710845,2.967359050445104
2026-03-06,seasonal_naive,H+3,12000.0,15138.251770487457,23.21120665172064,22.70228306331175
2026-03-06,seasonal_naive,H+7,186214.2857142857,407862.24039846734,105.94399219816346,72.45889261291019
2026-03-06,moving_average_7,H+1,3500.0,3500.0,4.216867469879518,4.3076923076923075
2026-03-06,moving_average_7,H+3,22166.666666666668,32645.82668581085,83.53574178647932,40.493097108373746
2026-03-06,moving_average_7,H+7,177500.0,408988.25515794806,95.97945981294555,67.2857008739569
2026-03-06,lstm_global,H+1,471120.3125,471120.3125,567.6148343373494,147.89053284186414
2026-03-06,lstm_global,H+3,451523.6458333333,458131.9308248538,1082.5067270527195,155.12355587333474
2026-03-06,lstm_global,H+7,445228.73214285716,507691.02038400306,1081.6227088981411,149.3592724839802
2026-03-06,lstm_finetuned,H+1,471120.3125,471120.3125,567.6148343373494,147.89053284186414
2026-03-06,lstm_finetuned,H+3,451523.6458333333,458131.9308248538,1082.5067270527195,155.12355587333474
2026-03-06,lstm_finetuned,H+7,445228.73214285716,507691.02038400306,1081.6227088981411,149.3592724839802
2026-03-31,naive,H+1,383500.0,383500.0,24.87836522867337,28.412669012780146
2026-03-31,naive,H+3,487000.0,493128.95541294944,29.445268756912053,34.62066654728408
2026-03-31,naive,H+7,394214.28571428574,415199.650770566,24.83378367096372,28.681936316177882
2026-03-31,seasonal_naive,H+1,1458500.0,1458500.0,94.61563412260784,179.56294244382886
2026-03-31,seasonal_naive,H+3,1580666.6666666667,1583854.317795674,96.02068162467424,184.8157518545228
2026-03-31,seasonal_naive,H+7,1339071.4285714286,1392067.668203361,86.66553223691353,164.1434792761777
2026-03-31,moving_average_7,H+1,1328357.142857143,1328357.142857143,86.17302256614614,151.4105434561368
2026-03-31,moving_average_7,H+3,1431857.142857143,1433953.2922022557,87.01361226070969,154.03571058060496
2026-03-31,moving_average_7,H+7,1339071.4285714286,1345398.8768224472,86.16481683161584,151.4265150011521
2026-03-31,lstm_global,H+1,1201689.375,1201689.375,77.95584657800843,127.75023529142085
2026-03-31,lstm_global,H+3,1226044.2083333333,1226312.1397988852,74.66934286547175,119.3630734040255
2026-03-31,lstm_global,H+7,1097534.6205357143,1126213.524625275,70.69347736302272,114.24219381885466
2026-03-31,lstm_finetuned,H+1,1201689.375,1201689.375,77.95584657800843,127.75023529142085
2026-03-31,lstm_finetuned,H+3,1226044.2083333333,1226312.1397988852,74.66934286547175,119.3630734040255
2026-03-31,lstm_finetuned,H+7,1097534.6205357143,1126213.524625275,70.69347736302272,114.24219381885466
2026-04-10,naive,H+1,255500.0,255500.0,18.642831083546152,17.05322876689471
2026-04-10,naive,H+3,346000.0,358529.17129107733,27.749298719640432,24.051293669733738
2026-04-10,naive,H+7,650714.2857142857,728858.5988673366,89.67319789311307,52.36786494697413
2026-04-10,seasonal_naive,H+1,171000.0,171000.0,12.477198102882161,11.744505494505495
2026-04-10,seasonal_naive,H+3,365000.0,401168.9170411885,29.647555562695686,25.02984682559775
2026-04-10,seasonal_naive,H+7,576928.5714285715,628040.4047511593,75.66370972068813,48.47294393400778
2026-04-10,moving_average_7,H+1,181714.28571428568,181714.28571428568,13.258977432636678,12.43462534825749
2026-04-10,moving_average_7,H+3,272214.2857142857,287971.8458697055,21.952205696560632,19.468782832770838
2026-04-10,moving_average_7,H+7,598010.2040816325,682435.6477099552,82.3626141771888,49.45825889563768
2026-04-10,lstm_global,H+1,890185.34375,890185.34375,64.9533267967895,96.19389394220981
2026-04-10,lstm_global,H+3,730084.1770833334,748787.204878147,56.359632494361676,79.58953986218066
2026-04-10,lstm_global,H+7,606766.3348214285,741343.4879826024,51.221225578274684,79.64225362388814
2026-04-10,lstm_finetuned,H+1,890185.34375,890185.34375,64.9533267967895,96.19389394220981
2026-04-10,lstm_finetuned,H+3,730084.1770833334,748787.204878147,56.359632494361676,79.58953986218066
2026-04-10,lstm_finetuned,H+7,606766.3348214285,741343.4879826024,51.221225578274684,79.64225362388814
2026-04-21,naive,H+1,143000.0,143000.0,6.050349058599534,6.239092495636998
2026-04-21,naive,H+3,310833.3333333333,340089.3265011415,12.017923226411202,12.924944694594176
2026-04-21,naive,H+7,453500.0,557336.0425144908,15.93199126732403,17.822038260281214
2026-04-21,seasonal_naive,H+1,993000.0,993000.0,42.01396234398138,53.186930905195496
2026-04-21,seasonal_naive,H+3,1251333.3333333333,1264597.1031650093,49.23231529933248,65.62937680637387
2026-04-21,seasonal_naive,H+7,1496285.7142857143,1567961.324231473,57.083729161336905,84.0596168040319
2026-04-21,moving_average_7,H+1,1218357.142857143,1218357.142857143,51.548853093172966,69.44891187068667
2026-04-21,moving_average_7,H+3,1386190.4761904764,1393042.5065912628,54.62641442293642,75.23290592802515
2026-04-21,moving_average_7,H+7,1496285.7142857143,1540231.6516733211,55.847539273169154,77.94498784237588
2026-04-21,lstm_global,H+1,1856049.1875,1856049.1875,78.52968849164374,129.29857101130673
2026-04-21,lstm_global,H+3,1979552.0208333333,1984292.2940623,78.16021814013568,128.38442117126053
2026-04-21,lstm_global,H+7,2094850.0717075893,2153341.511589463,78.53304480336172,133.2714289024523
2026-04-21,lstm_finetuned,H+1,1856049.1875,1856049.1875,78.52968849164374,129.29857101130673
2026-04-21,lstm_finetuned,H+3,1979552.0208333333,1984292.2940623,78.16021814013568,128.38442117126053
2026-04-21,lstm_finetuned,H+7,2094850.0717075893,2153341.511589463,78.53304480336172,133.2714289024523
2026-04-30,naive,H+1,604500.0,604500.0,21.8625678119349,19.70820767788736
2026-04-30,naive,H+3,372833.3333333333,421781.4402428506,12.838997708031416,11.871473559520979
2026-04-30,naive,H+7,369071.4285714286,435008.25115327246,12.586749232247588,11.674332124320996
2026-04-30,seasonal_naive,H+1,401500.0,401500.0,14.520795660036168,15.657599688017939
2026-04-30,seasonal_naive,H+3,547000.0,623170.2549598037,17.127623372234886,19.12747138158425
2026-04-30,seasonal_naive,H+7,603000.0,783610.2347468415,17.757478059002604,20.510869678267106
2026-04-30,moving_average_7,H+1,123571.42857142864,123571.42857142864,4.469129423921469,4.571277579601007
2026-04-30,moving_average_7,H+3,436904.76190476195,532923.3777294934,13.37625781542218,14.761906879664668
2026-04-30,moving_average_7,H+7,507122.4489795919,628751.4596079946,14.937948020272692,16.769667288389485
2026-04-30,lstm_global,H+1,2169668.1875,2169668.1875,78.46901220614828,129.13416344356915
2026-04-30,lstm_global,H+3,2435796.125,2448109.677053665,79.11417340431215,130.89738013909374
2026-04-30,lstm_global,H+7,2513372.8125,2532535.4155851332,80.4699527395692,137.3837690178997
2026-04-30,lstm_finetuned,H+1,2169668.1875,2169668.1875,78.46901220614828,129.13416344356915
2026-04-30,lstm_finetuned,H+3,2435796.125,2448109.677053665,79.11417340431215,130.89738013909374
2026-04-30,lstm_finetuned,H+7,2513372.8125,2532535.4155851332,80.4699527395692,137.3837690178997
2026-05-12,naive,H+1,361000.0,361000.0,10.65053842749668,11.249610470551573
2026-05-12,naive,H+3,284166.6666666667,316856.03986668773,9.61734466237916,9.463660526832886
2026-05-12,naive,H+7,429357.14285714284,514553.100133643,17.40541794172997,15.506415945492572
2026-05-12,seasonal_naive,H+1,624500.0,624500.0,18.424546393273346,20.294093752538792
2026-05-12,seasonal_naive,H+3,543333.3333333334,622254.1013658863,18.63573874619061,17.72967808109509
2026-05-12,seasonal_naive,H+7,563142.8571428572,621533.7021088582,21.47855007292421,19.346072395731525
2026-05-12,moving_average_7,H+1,242500.0,242500.0,7.154447558636967,7.4198730207297485
2026-05-12,moving_average_7,H+3,265333.3333333333,333053.2990378567,9.352622260244885,8.838675166799275
2026-05-12,moving_average_7,H+7,455142.85714285716,576676.1284662797,18.929684682483202,16.3018201573122
2026-05-12,lstm_global,H+1,2627230.0,2627230.0,77.51084230712495,126.55951558010199
2026-05-12,lstm_global,H+3,2303063.625,2326168.778854412,75.35990204896349,121.1456970523906
2026-05-12,lstm_global,H+7,2105493.302176339,2163799.9924340644,75.126470989148,125.34786926331327
2026-05-12,lstm_finetuned,H+1,2627230.0,2627230.0,77.51084230712495,126.55951558010199
2026-05-12,lstm_finetuned,H+3,2303063.625,2326168.778854412,75.35990204896349,121.1456970523906
2026-05-12,lstm_finetuned,H+7,2105493.302176339,2163799.9924340644,75.126470989148,125.34786926331327
2026-05-25,naive,H+1,540500.0,540500.0,20.610104861773117,22.977999787437557
2026-05-25,naive,H+3,985333.3333333334,1148968.4503936563,252.26648766089875,70.56219283389908
2026-05-25,naive,H+7,814785.7142857143,961629.736437055,121.31585777747813,45.738490583764204
2026-05-25,seasonal_naive,H+1,767000.0,767000.0,29.24690181124881,25.51563539587492
2026-05-25,seasonal_naive,H+3,1586333.3333333333,1715196.6845428154,347.4764057932762,86.68387509568932
2026-05-25,seasonal_naive,H+7,915357.1428571428,1175416.5674954804,157.0653268460566,45.55844978678205
2026-05-25,moving_average_7,H+1,179214.2857142859,179214.2857142859,6.833719188342647,6.607935316504044
2026-05-25,moving_average_7,H+3,1344714.285714286,1654617.7837204826,355.54961609529414,77.92373788825854
2026-05-25,moving_average_7,H+7,752806.1224489798,1123968.8221945064,159.32038766030655,39.94123421112696
2026-05-25,lstm_global,H+1,1830318.5,1830318.5,69.79288846520497,107.20288261145292
2026-05-25,lstm_global,H+3,1031384.1041666666,1184531.2642364579,99.68751921894507,91.63797286743302
2026-05-25,lstm_global,H+7,1658306.7840401786,1889021.5904563465,85.4301313414585,112.83042548598101
2026-05-25,lstm_finetuned,H+1,1830318.5,1830318.5,69.79288846520497,107.20288261145292
2026-05-25,lstm_finetuned,H+3,1031384.1041666666,1184531.2642364579,99.68751921894507,91.63797286743302
2026-05-25,lstm_finetuned,H+7,1658306.7840401786,1889021.5904563465,85.4301313414585,112.83042548598101
2026-06-08,naive,H+1,554000.0,554000.0,34.527890308507324,29.44459208078661
2026-06-08,naive,H+3,601500.0,602894.20022643,38.72856725510071,32.406203457402825
2026-06-08,naive,H+7,619785.7142857143,640120.3290899968,41.83923565682484,33.967468301918395
2026-06-08,seasonal_naive,H+1,1018000.0,1018000.0,63.44655655967591,48.16654837946534
2026-06-08,seasonal_naive,H+3,778666.6666666666,928618.6874420882,50.28896776243735,64.61876536340786
2026-06-08,seasonal_naive,H+7,1044500.0,1195249.3613109717,71.49998942893689,60.2145790260879
2026-06-08,moving_average_7,H+1,602142.8571428573,602142.8571428573,37.52838000267107,31.599070395082094
2026-06-08,moving_average_7,H+3,649642.8571428573,650933.9509530914,41.82274821178154,34.54988545887417
2026-06-08,moving_average_7,H+7,667928.5714285716,686839.3411943183,45.00279649049572,36.09994270344653
2026-06-08,lstm_global,H+1,922106.1875,922106.1875,57.470002337176695,80.64267632015381
2026-06-08,lstm_global,H+3,918424.3958333334,920003.9463205182,58.9705421641333,83.74237475894407
2026-06-08,lstm_global,H+7,932817.59765625,954389.9394171693,62.46609198140295,97.2379827557967
2026-06-08,lstm_finetuned,H+1,922106.1875,922106.1875,57.470002337176695,80.64267632015381
2026-06-08,lstm_finetuned,H+3,918424.3958333334,920003.9463205182,58.9705421641333,83.74237475894407
2026-06-08,lstm_finetuned,H+7,932817.59765625,954389.9394171693,62.46609198140295,97.2379827557967
