date,revenue,transactions,qty_sold,day_of_week,week_of_year,month,year,is_weekend,is_holiday,is_ramadan
2024-08-26,1701500.0,113,585,0,35,8,2024,0,0,0
2024-08-27,1746500.0,245,611,1,35,8,2024,0,0,0
2024-08-28,1650500.0,179,570,2,35,8,2024,0,0,0
2024-08-29,1814500.0,219,646,3,35,8,2024,0,0,0
2024-08-30,1233500.0,167,453,4,35,8,2024,0,0,0
2024-09-02,1393500.0,176,489,0,36,9,2024,0,0,0
2024-09-03,1595000.0,177,580,1,36,9,2024,0,0,0
2024-09-04,1316500.0,167,438,2,36,9,2024,0,0,0
2024-09-05,1418500.0,184,481,3,36,9,2024,0,0,0
2024-09-06,945500.0,120,312,4,36,9,2024,0,0,0
2024-09-09,1315000.0,163,428,0,37,9,2024,0,0,0
2024-09-10,1708000.0,135,564,1,37,9,2024,0,0,0
2024-09-11,1613500.0,199,569,2,37,9,2024,0,0,0
2024-09-12,1694000.0,185,575,3,37,9,2024,0,0,0
2024-09-13,961500.0,124,341,4,37,9,2024,0,0,0
2024-09-17,1735500.0,180,572,1,38,9,2024,0,0,0
2024-09-18,1942500.0,203,637,2,38,9,2024,0,0,0
2024-09-19,1507000.0,188,529,3,38,9,2024,0,0,0
2024-09-20,1049000.0,137,351,4,38,9,2024,0,0,0
2024-09-23,1543000.0,178,492,0,39,9,2024,0,0,0
2024-09-24,1809500.0,150,609,1,39,9,2024,0,0,0
2024-09-25,1692000.0,205,595,2,39,9,2024,0,0,0
2024-09-26,1662000.0,122,558,3,39,9,2024,0,0,0
2024-09-27,1313000.0,163,440,4,39,9,2024,0,0,0
2024-09-30,8000.0,1,2,0,40,9,2024,0,0,0
2024-10-07,454500.0,53,153,0,41,10,2024,0,0,0
2024-10-08,566500.0,66,181,1,41,10,2024,0,0,0
2024-10-09,614500.0,74,192,2,41,10,2024,0,0,0
2024-10-10,375500.0,46,124,3,41,10,2024,0,0,0
2024-10-11,323000.0,31,101,4,41,10,2024,0,0,0
2024-10-14,1103000.0,80,364,0,42,10,2024,0,0,0
2024-10-15,1234500.0,170,405,1,42,10,2024,0,0,0
2024-10-16,1573500.0,213,533,2,42,10,2024,0,0,0
2024-10-17,1419500.0,203,502,3,42,10,2024,0,0,0
2024-10-18,1048500.0,155,369,4,42,10,2024,0,0,0
2024-10-20,55500.0,3,12,6,42,10,2024,1,0,0
2024-10-21,1076500.0,143,355,0,43,10,2024,0,0,0
2024-10-22,1466000.0,199,509,1,43,10,2024,0,0,0
2024-10-23,1997500.0,282,662,2,43,10,2024,0,0,0
2024-10-24,1261000.0,160,437,3,43,10,2024,0,0,0
2024-10-25,964500.0,155,323,4,43,10,2024,0,0,0
2024-10-28,1231500.0,160,411,0,44,10,2024,0,0,0
2024-10-29,2049500.0,227,677,1,44,10,2024,0,0,0
2024-10-30,1672000.0,239,560,2,44,10,2024,0,0,0
2024-10-31,1268500.0,164,418,3,44,10,2024,0,0,0
2024-11-01,1104500.0,145,362,4,44,11,2024,0,0,0
2024-11-04,1614000.0,203,528,0,45,11,2024,0,0,0
2024-11-05,2128000.0,211,687,1,45,11,2024,0,0,0
2024-11-06,2409000.0,334,798,2,45,11,2024,0,0,0
2024-11-07,1490500.0,166,498,3,45,11,2024,0,0,0
2024-11-08,1190000.0,177,375,4,45,11,2024,0,0,0
2024-11-11,1761500.0,140,556,0,46,11,2024,0,0,0
2024-11-12,1907500.0,200,593,1,46,11,2024,0,0,0
2024-11-13,2066000.0,259,643,2,46,11,2024,0,0,0
2024-11-14,1785000.0,200,542,3,46,11,2024,0,0,0
2024-11-15,1199000.0,165,365,4,46,11,2024,0,0,0
2024-11-18,1669000.0,200,534,0,47,11,2024,0,0,0
2024-11-19,2555500.0,285,797,1,47,11,2024,0,0,0
2024-11-20,2407000.0,252,733,2,47,11,2024,0,0,0
2024-11-21,1879500.0,213,557,3,47,11,2024,0,0,0
2024-11-22,1769000.0,239,517,4,47,11,2024,0,0,0
2024-11-25,1851000.0,169,550,0,48,11,2024,0,0,0
2024-11-26,1732000.0,142,529,1,48,11,2024,0,0,0
2024-11-28,1975500.0,207,635,3,48,11,2024,0,0,0
2024-11-29,997000.0,137,294,4,48,11,2024,0,0,0
2024-12-02,733000.0,87,245,0,49,12,2024,0,0,0
2024-12-03,818000.0,58,281,1,49,12,2024,0,0,0
2024-12-04,790000.0,94,252,2,49,12,2024,0,0,0
2024-12-05,937000.0,120,319,3,49,12,2024,0,0,0
2024-12-06,884000.0,59,289,4,49,12,2024,0,0,0
2024-12-09,730000.0,98,222,0,50,12,2024,0,0,0
2024-12-11,646500.0,86,214,2,50,12,2024,0,0,0
2024-12-13,303000.0,31,112,4,50,12,2024,0,0,0
2025-02-09,59000.0,4,13,6,6,2,2025,1,0,0
2025-02-10,883500.0,114,270,0,7,2,2025,0,0,0
2025-02-11,1554000.0,153,467,1,7,2,2025,0,0,0
2025-02-12,1426000.0,138,440,2,7,2,2025,0,0,0
2025-02-13,1206500.0,160,372,3,7,2,2025,0,0,0
2025-02-14,852000.0,122,271,4,7,2,2025,0,0,0
2025-02-17,1576500.0,196,514,0,8,2,2025,0,0,0
2025-02-18,1985500.0,201,632,1,8,2,2025,0,0,0
2025-02-19,2287500.0,246,761,2,8,2,2025,0,0,0
2025-02-20,1743500.0,211,568,3,8,2,2025,0,0,0
2025-02-21,1646500.0,234,548,4,8,2,2025,0,0,0
2025-02-24,1839000.0,254,613,0,9,2,2025,0,0,0
2025-02-25,1751000.0,196,566,1,9,2,2025,0,0,0
2025-02-26,2301000.0,252,736,2,9,2,2025,0,0,0
2025-02-27,1956500.0,275,639,3,9,2,2025,0,0,0
2025-02-28,1216000.0,182,395,4,9,2,2025,0,0,0
2025-03-03,86500.0,13,24,0,10,3,2025,0,0,1
2025-03-04,113000.0,20,32,1,10,3,2025,0,0,1
2025-03-05,100500.0,20,41,2,10,3,2025,0,0,1
2025-03-06,84500.0,20,31,3,10,3,2025,0,0,1
2025-03-07,38000.0,6,12,4,10,3,2025,0,0,1
2025-03-10,165500.0,24,51,0,11,3,2025,0,0,1
2025-03-11,190000.0,30,64,1,11,3,2025,0,0,1
2025-03-12,107500.0,19,40,2,11,3,2025,0,0,1
2025-03-13,44000.0,8,11,3,11,3,2025,0,0,1
2025-03-14,33000.0,9,15,4,11,3,2025,0,0,1
2025-03-17,24500.0,5,5,0,12,3,2025,0,0,1
2025-03-18,101000.0,11,31,1,12,3,2025,0,0,1
2025-03-19,130000.0,22,42,2,12,3,2025,0,0,1
2025-03-20,104000.0,11,19,3,12,3,2025,0,0,1
2025-03-21,36500.0,7,10,4,12,3,2025,0,0,1
2025-04-08,746500.0,121,207,1,15,4,2025,0,0,0
2025-04-09,698500.0,94,186,2,15,4,2025,0,0,0
2025-04-10,890500.0,141,236,3,15,4,2025,0,0,0
2025-04-11,805000.0,107,227,4,15,4,2025,0,0,0
2025-04-14,520000.0,65,147,0,16,4,2025,0,0,0
2025-04-15,580000.0,77,174,1,16,4,2025,0,0,0
2025-04-16,649000.0,93,199,2,16,4,2025,0,0,0
2025-04-17,605000.0,86,172,3,16,4,2025,0,0,0
2025-04-21,1653500.0,206,479,0,17,4,2025,0,0,0
2025-04-22,2070500.0,242,669,1,17,4,2025,0,0,0
2025-04-23,1842500.0,188,564,2,17,4,2025,0,0,0
2025-04-24,1798000.0,259,580,3,17,4,2025,0,0,0
2025-04-25,1638500.0,206,497,4,17,4,2025,0,0,0
2025-04-28,1714500.0,231,492,0,18,4,2025,0,0,0
2025-04-29,2457500.0,270,767,1,18,4,2025,0,0,0
2025-04-30,2364000.0,244,761,2,18,4,2025,0,0,0
2025-05-02,1895500.0,224,579,4,18,5,2025,0,0,0
2025-05-05,1742000.0,193,524,0,19,5,2025,0,0,0
2025-05-06,2132000.0,249,665,1,19,5,2025,0,0,0
2025-05-07,2214500.0,252,670,2,19,5,2025,0,0,0
2025-05-08,2313500.0,287,682,3,19,5,2025,0,0,0
2025-05-09,1602500.0,202,507,4,19,5,2025,0,0,0
2025-05-14,1943500.0,237,579,2,20,5,2025,0,0,0
2025-05-15,1936000.0,269,593,3,20,5,2025,0,0,0
2025-05-16,1768000.0,209,517,4,20,5,2025,0,0,0
2025-05-19,2252000.0,272,678,0,21,5,2025,0,0,0
2025-05-20,2021500.0,275,641,1,21,5,2025,0,0,0
2025-05-21,2482000.0,259,788,2,21,5,2025,0,0,0
2025-05-22,2847500.0,252,893,3,21,5,2025,0,0,0
2025-05-23,1719000.0,212,561,4,21,5,2025,0,0,0
2025-05-26,2230500.0,253,681,0,22,5,2025,0,0,0
2025-05-27,2651000.0,235,823,1,22,5,2025,0,0,0
2025-05-28,2459000.0,267,761,2,22,5,2025,0,0,0
2025-06-02,2418000.0,297,745,0,23,6,2025,0,0,0
2025-06-03,2511500.0,192,782,1,23,6,2025,0,0,0
2025-06-04,2094000.0,226,632,2,23,6,2025,0,0,0
2025-06-05,1287000.0,148,406,3,23,6,2025,0,0,0
2025-06-10,1389500.0,107,436,1,24,6,2025,0,0,0
2025-06-11,1743000.0,126,527,2,24,6,2025,0,0,0
2025-06-12,1652000.0,214,516,3,24,6,2025,0,0,0
2025-06-13,1204500.0,103,389,4,24,6,2025,0,0,0
2025-06-14,34000.0,1,6,5,24,6,2025,1,0,0
2025-06-16,856000.0,93,264,0,25,6,2025,0,0,0
2025-06-17,632000.0,53,198,1,25,6,2025,0,0,0
2025-06-18,568000.0,54,182,2,25,6,2025,0,0,0
2025-06-19,361000.0,53,108,3,25,6,2025,0,0,0
2025-07-27,3500.0,1,1,6,30,7,2025,1,1,0
2025-08-18,2500.0,1,1,0,34,8,2025,0,0,0
2025-08-19,1707000.0,234,527,1,34,8,2025,0,0,0
2025-08-20,1568000.0,222,485,2,34,8,2025,0,0,0
2025-08-21,2043000.0,266,596,3,34,8,2025,0,0,0
2025-08-22,1619000.0,231,460,4,34,8,2025,0,0,0
2025-08-25,2024000.0,255,631,0,35,8,2025,0,0,0
2025-08-26,1950000.0,282,603,1,35,8,2025,0,0,0
2025-08-27,1987000.0,254,605,2,35,8,2025,0,0,0
2025-08-28,2345500.0,274,729,3,35,8,2025,0,0,0
2025-08-29,1822500.0,232,572,4,35,8,2025,0,0,0
2025-09-08,2208500.0,265,697,0,37,9,2025,0,0,0
2025-09-09,2065000.0,297,625,1,37,9,2025,0,0,0
2025-09-10,2467000.0,281,764,2,37,9,2025,0,0,0
2025-09-11,2873000.0,333,902,3,37,9,2025,0,0,0
2025-09-12,2055500.0,264,633,4,37,9,2025,0,0,0
2025-09-15,2360500.0,303,740,0,38,9,2025,0,0,0
2025-09-16,2469000.0,308,747,1,38,9,2025,0,0,0
2025-09-17,2345500.0,286,722,2,38,9,2025,0,0,0
2025-09-18,2779500.0,340,845,3,38,9,2025,0,0,0
2025-09-19,2033000.0,280,620,4,38,9,2025,0,0,0
2025-09-22,2043995.0,211,580,0,39,9,2025,0,0,0
2025-09-23,2163499.0,294,622,1,39,9,2025,0,0,0
2025-09-24,2458500.0,302,759,2,39,9,2025,0,0,0
2025-09-25,2891000.0,249,832,3,39,9,2025,0,0,0
2025-09-26,2234000.0,264,685,4,39,9,2025,0,0,0
2025-09-28,3500.0,1,1,6,39,9,2025,1,0,0
2025-09-29,2564500.0,268,745,0,40,9,2025,0,0,0
2025-09-30,2906500.0,373,856,1,40,9,2025,0,0,0
2025-10-01,2974500.0,298,924,2,40,10,2025,0,0,0
2025-10-02,3161000.0,380,937,3,40,10,2025,0,0,0
2025-10-03,2027000.0,263,622,4,40,10,2025,0,0,0
2025-10-06,1695500.0,236,487,0,41,10,2025,0,0,0
2025-10-07,1739500.0,191,469,1,41,10,2025,0,0,0
2025-10-08,1866000.0,204,522,2,41,10,2025,0,0,0
2025-10-09,1817000.0,242,483,3,41,10,2025,0,0,0
2025-10-10,1159000.0,154,322,4,41,10,2025,0,0,0
2025-10-13,781000.0,95,228,0,42,10,2025,0,0,0
2025-10-14,894000.0,120,257,1,42,10,2025,0,0,0
2025-10-15,1189000.0,163,306,2,42,10,2025,0,0,0
2025-10-16,1081000.0,122,304,3,42,10,2025,0,0,0
2025-10-17,771500.0,123,238,4,42,10,2025,0,0,0
2025-10-20,1981500.0,216,558,0,43,10,2025,0,0,0
2025-10-21,1857000.0,234,541,1,43,10,2025,0,0,0
2025-10-22,1917000.0,199,539,2,43,10,2025,0,0,0
2025-10-23,2672500.0,256,782,3,43,10,2025,0,0,0
2025-10-24,1832500.0,219,574,4,43,10,2025,0,0,0
2025-10-27,1707000.0,177,498,0,44,10,2025,0,0,0
2025-10-28,2329500.0,302,700,1,44,10,2025,0,0,0
2025-10-29,2206500.0,230,675,2,44,10,2025,0,0,0
2025-10-30,2472000.0,221,745,3,44,10,2025,0,0,0
2025-10-31,2050500.0,222,647,4,44,10,2025,0,0,0
2025-11-03,1281500.0,154,392,0,45,11,2025,0,0,0
2025-11-04,1956000.0,282,629,1,45,11,2025,0,0,0
2025-11-05,1969500.0,219,592,2,45,11,2025,0,0,0
2025-11-06,2452000.0,262,755,3,45,11,2025,0,0,0
2025-11-07,1805000.0,228,564,4,45,11,2025,0,0,0
2025-11-10,2133000.0,277,656,0,46,11,2025,0,0,0
2025-11-11,2014000.0,258,571,1,46,11,2025,0,0,0
2025-11-12,2372500.0,263,686,2,46,11,2025,0,0,0
2025-11-13,2416000.0,196,696,3,46,11,2025,0,0,0
2025-11-14,1889000.0,158,586,4,46,11,2025,0,0,0
2025-11-17,1847000.0,247,519,0,47,11,2025,0,0,0
2025-11-18,1426000.0,182,382,1,47,11,2025,0,0,0
2025-11-19,1719500.0,216,467,2,47,11,2025,0,0,0
2025-11-20,2207000.0,242,604,3,47,11,2025,0,0,0
2025-11-21,1337500.0,168,374,4,47,11,2025,0,0,0
2025-11-24,1410000.0,183,418,0,48,11,2025,0,0,0
2025-11-25,1597000.0,186,446,1,48,11,2025,0,0,0
2025-11-26,1935500.0,210,570,2,48,11,2025,0,0,0
2025-11-27,2305000.0,190,658,3,48,11,2025,0,0,0
2025-11-28,1963000.0,268,571,4,48,11,2025,0,0,0
2025-12-01,1429500.0,171,404,0,49,12,2025,0,0,0
2025-12-02,1361500.0,172,358,1,49,12,2025,0,0,0
2025-12-03,1468000.0,178,387,2,49,12,2025,0,0,0
2025-12-04,1812000.0,190,521,3,49,12,2025,0,0,0
2025-12-05,1584500.0,198,441,4,49,12,2025,0,0,0
2025-12-08,1085500.0,154,323,0,50,12,2025,0,0,0
2025-12-09,1208500.0,99,350,1,50,12,2025,0,0,0
2025-12-10,1513500.0,154,417,2,50,12,2025,0,0,0
2025-12-11,909000.0,131,272,3,50,12,2025,0,0,0
2025-12-12,599000.0,95,181,4,50,12,2025,0,0,0
2025-12-15,564000.0,68,165,0,51,12,2025,0,0,0
2025-12-16,534000.0,74,146,1,51,12,2025,0,0,0
2025-12-17,590000.0,86,162,2,51,12,2025,0,0,0
2025-12-18,340500.0,46,98,3,51,12,2025,0,0,0
2025-12-19,118500.0,17,28,4,51,12,2025,0,0,0
2026-02-09,1277000.0,194,371,0,7,2,2026,0,0,0
2026-02-10,1294500.0,148,372,1,7,2,2026,0,0,0
2026-02-11,1736500.0,271,523,2,7,2,2026,0,0,0
2026-02-12,1590000.0,235,483,3,7,2,2026,0,0,0
2026-02-13,1495500.0,228,450,4,7,2,2026,0,0,0
2026-02-18,859000.0,136,284,2,8,2,2026,0,0,0
2026-02-19,84000.0,18,28,3,8,2,2026,0,0,0
2026-02-20,119000.0,18,42,4,8,2,2026,0,0,0
2026-02-23,146500.0,25,61,0,9,2,2026,0,0,0
2026-02-24,122000.0,15,48,1,9,2,2026,0,0,0
2026-02-25,85500.0,18,42,2,9,2,2026,0,0,0
2026-02-26,62000.0,11,27,3,9,2,2026,0,0,0
2026-02-27,32500.0,9,11,4,9,2,2026,0,0,0
2026-03-02,99500.0,16,31,0,10,3,2026,0,0,1
2026-03-03,52000.0,6,15,1,10,3,2026,0,0,1
2026-03-04,138500.0,17,30,2,10,3,2026,0,0,1
2026-03-05,86500.0,12,24,3,10,3,2026,0,0,1
2026-03-06,83000.0,11,19,4,10,3,2026,0,0,1
2026-03-09,86500.0,16,29,0,11,3,2026,0,0,1
2026-03-10,23500.0,7,8,1,11,3,2026,0,0,1
2026-03-11,24000.0,5,7,2,11,3,2026,0,0,1
2026-03-12,75500.0,13,24,3,11,3,2026,0,0,1
2026-03-13,41500.0,6,16,4,11,3,2026,0,0,1
2026-03-30,1158000.0,193,379,0,14,3,2026,0,0,1
2026-03-31,1541500.0,230,510,1,14,3,2026,0,0,1
2026-04-01,1665500.0,241,543,2,14,4,2026,0,0,0
2026-04-02,1728000.0,230,542,3,14,4,2026,0,0,0
2026-04-06,1522500.0,232,473,0,15,4,2026,0,0,0
2026-04-07,1299500.0,195,364,1,15,4,2026,0,0,0
2026-04-08,1482500.0,205,451,2,15,4,2026,0,0,0
2026-04-09,1626000.0,229,490,3,15,4,2026,0,0,0
2026-04-10,1370500.0,180,413,4,15,4,2026,0,0,0
2026-04-13,1319000.0,204,400,0,16,4,2026,0,0,0
2026-04-14,1150500.0,164,344,1,16,4,2026,0,0,0
2026-04-15,949000.0,124,293,2,16,4,2026,0,0,0
2026-04-16,511000.0,60,130,3,16,4,2026,0,0,0
2026-04-17,495500.0,74,135,4,16,4,2026,0,0,0
2026-04-20,2220500.0,295,614,0,17,4,2026,0,0,0
2026-04-21,2363500.0,305,646,1,17,4,2026,0,0,0
2026-04-22,2701500.0,347,740,2,17,4,2026,0,0,0
2026-04-23,2529000.0,326,732,3,17,4,2026,0,0,0
2026-04-24,2106500.0,263,531,4,17,4,2026,0,0,0
2026-04-27,2796500.0,330,799,0,18,4,2026,0,0,0
2026-04-28,2623500.0,305,681,1,18,4,2026,0,0,0
2026-04-29,3369500.0,405,905,2,18,4,2026,0,0,0
2026-04-30,2765000.0,329,765,3,18,4,2026,0,0,0
2026-05-04,2978000.0,388,820,0,19,5,2026,0,0,0
2026-05-05,3492000.0,299,941,1,19,5,2026,0,0,0
2026-05-06,3738500.0,471,1012,2,19,5,2026,0,0,0
2026-05-07,3391000.0,416,974,3,19,5,2026,0,0,0
2026-05-08,2636000.0,297,756,4,19,5,2026,0,0,0
2026-05-11,3028500.0,364,833,0,20,5,2026,0,0,0
2026-05-12,3389500.0,347,928,1,20,5,2026,0,0,0
2026-05-13,3116000.0,427,902,2,20,5,2026,0,0,0
2026-05-18,2624500.0,357,736,0,21,5,2026,0,0,0
2026-05-19,3289000.0,316,922,1,21,5,2026,0,0,0
2026-05-20,2821000.0,288,791,2,21,5,2026,0,0,0
2026-05-21,2290000.0,281,623,3,21,5,2026,0,0,0
2026-05-22,2082000.0,234,550,4,21,5,2026,0,0,0
2026-05-25,2622500.0,323,779,0,22,5,2026,0,0,0
2026-05-26,1487000.0,146,426,1,22,5,2026,0,0,0
2026-05-29,261500.0,36,79,4,22,5,2026,0,0,0
2026-06-02,2761500.0,302,842,1,23,6,2026,0,0,0
2026-06-03,3254000.0,365,984,2,23,6,2026,0,0,0
2026-06-04,2901500.0,323,827,3,23,6,2026,0,0,0
2026-06-05,2158500.0,280,606,4,23,6,2026,0,0,0
2026-06-08,1604500.0,222,471,0,24,6,2026,0,0,0
2026-06-09,1562000.0,240,453,1,24,6,2026,0,0,0
2026-06-10,1504500.0,174,418,2,24,6,2026,0,0,0
2026-06-11,1798500.0,253,532,3,24,6,2026,0,0,0
2026-06-12,1295500.0,182,378,4,24,6,2026,0,0,0
2026-06-15,1354500.0,177,389,0,25,6,2026,0,0,0
2026-06-17,1651500.0,208,476,2,25,6,2026,0,0,0
2026-06-18,1547500.0,178,442,3,25,6,2026,0,0,0
2026-06-19,1159000.0,151,326,4,25,6,2026,0,0,0
2026-06-20,68500.0,1,24,5,25,6,2026,1,0,0
2026-06-21,1650000.0,210,490,6,25,6,0,1,0,0
